Country,happiness_score,Year
Afghanistan,3.982854605,2015
Afghanistan,4.220168591,2016
Afghanistan,2.66171813,2017
Afghanistan,2.694303274,2018
Afghanistan,2.375091791,2019
Afghanistan,2.566900015,2020
Afghanistan,2.523,2021
Afghanistan,1.2812711,2022
Afghanistan,1.859,2023
Afghanistan,1.208510522,2024
Afghanistan,0.913228015,2025
Afghanistan,0.617945508,2026
Albania,4.606650829,2015
Albania,4.511100769,2016
Albania,4.639548302,2017
Albania,5.004402637,2018
Albania,4.995317936,2019
Albania,4.882699966,2020
Albania,5.117,2021
Albania,5.212213039,2022
Albania,5.277,2023
Albania,5.384376016,2024
Albania,5.478008253,2025
Albania,5.57164049,2026
Algeria,5.340853691,2016
Algeria,5.248912334,2017
Algeria,5.043086052,2018
Algeria,4.744627476,2019
Algeria,5.005099773,2020
Algeria,4.887,2021
Algeria,5.329,2023
Algeria,4.526489718,2024
Algeria,4.432227869,2025
Algeria,4.33796602,2026
Argentina,6.69713068,2015
Argentina,6.427221298,2016
Argentina,6.039330006,2017
Argentina,5.792796612,2018
Argentina,6.085560799,2019
Argentina,5.974699974,2020
Argentina,5.929,2021
Argentina,6.260993481,2022
Argentina,6.024,2023
Argentina,5.867584526,2024
Argentina,5.813751812,2025
Argentina,5.759919099,2026
Armenia,4.34831953,2015
Armenia,4.325471878,2016
Armenia,4.287736416,2017
Armenia,5.062448502,2018
Armenia,5.4880867,2019
Armenia,4.676799774,2020
Armenia,5.283,2021
Armenia,5.381942749,2022
Armenia,5.342,2023
Armenia,5.639729472,2024
Armenia,5.785546354,2025
Armenia,5.931363237,2026
Australia,7.309060574,2015
Australia,7.250080109,2016
Australia,7.25703764,2017
Australia,7.17699337,2018
Australia,7.233994961,2019
Australia,7.222799778,2020
Australia,7.183,2021
Australia,7.034696102,2022
Australia,7.095,2023
Australia,7.06212946,2024
Australia,7.035385074,2025
Australia,7.008640687,2026
Austria,7.07644701,2015
Austria,7.048071861,2016
Austria,7.293727875,2017
Austria,7.396001816,2018
Austria,7.195361137,2019
Austria,7.294199944,2020
Austria,7.268,2021
Austria,6.998997211,2022
Austria,7.097,2023
Austria,7.167122738,2024
Austria,7.163484911,2025
Austria,7.159847085,2026
Azerbaijan,5.146774769,2015
Azerbaijan,5.303894997,2016
Azerbaijan,5.152279377,2017
Azerbaijan,5.167995453,2018
Azerbaijan,5.173389435,2019
Azerbaijan,5.164800167,2020
Azerbaijan,5.171,2021
Azerbaijan,5.143361191,2024
Azerbaijan,5.136775337,2025
Azerbaijan,5.130189483,2026
Bangladesh,4.633473873,2015
Bangladesh,4.5561409,2016
Bangladesh,4.309771061,2017
Bangladesh,4.499217033,2018
Bangladesh,5.114216805,2019
Bangladesh,4.832799911,2020
Bangladesh,5.025,2021
Bangladesh,3.407532215,2022
Bangladesh,4.282,2023
Bangladesh,4.260487912,2024
Bangladesh,4.209026565,2025
Bangladesh,4.157565219,2026
Belarus,5.718907833,2015
Belarus,5.177899361,2016
Belarus,5.552915096,2017
Belarus,5.233769894,2018
Belarus,5.821453094,2019
Belarus,5.539899826,2020
Belarus,5.534,2021
Belarus,5.605081178,2024
Belarus,5.620717444,2025
Belarus,5.636353709,2026
Belgium,6.904219151,2015
Belgium,6.948936462,2016
Belgium,6.928347588,2017
Belgium,6.89217186,2018
Belgium,6.772138119,2019
Belgium,6.863500118,2020
Belgium,6.834,2021
Belgium,6.856874466,2022
Belgium,6.859,2023
Belgium,6.817040626,2024
Belgium,6.805800134,2025
Belgium,6.794559642,2026
Benin,3.624664307,2015
Benin,4.007357597,2016
Benin,4.853180885,2017
Benin,5.81982708,2018
Benin,4.976360798,2019
Benin,5.21600008,2020
Benin,5.045,2021
Benin,4.217325687,2022
Benin,4.374,2023
Benin,4.965445571,2024
Benin,5.022229875,2025
Benin,5.07901418,2026
Bhutan,5.082128525,2015
Bolivia,5.834329128,2015
Bolivia,5.769723415,2016
Bolivia,5.65055275,2017
Bolivia,5.915734291,2018
Bolivia,5.67427063,2019
Bolivia,5.747499943,2020
Bolivia,5.716,2021
Bolivia,5.928882122,2022
Bolivia,5.684,2023
Bolivia,5.755567456,2024
Bolivia,5.752881118,2025
Bolivia,5.750194781,2026
Bosnia and Herzegovina,5.117177963,2015
Bosnia and Herzegovina,5.180865288,2016
Bosnia and Herzegovina,5.089902401,2017
Bosnia and Herzegovina,5.887401104,2018
Bosnia and Herzegovina,6.01552248,2019
Bosnia and Herzegovina,5.674099922,2020
Bosnia and Herzegovina,5.813,2021
Bosnia and Herzegovina,5.633,2023
Bosnia and Herzegovina,6.396757478,2024
Bosnia and Herzegovina,6.539598744,2025
Bosnia and Herzegovina,6.682440011,2026
Botswana,3.761964798,2015
Botswana,3.498936653,2016
Botswana,3.504881144,2017
Botswana,3.4613657,2018
Botswana,3.471084833,2019
Botswana,3.478899956,2020
Botswana,3.467,2021
Botswana,3.435275078,2022
Botswana,3.435,2023
Botswana,3.371844911,2024
Botswana,3.345893712,2025
Botswana,3.319942513,2026
Brazil,6.546896935,2015
Brazil,6.374817371,2016
Brazil,6.332929134,2017
Brazil,6.190921783,2018
Brazil,6.451148987,2019
Brazil,6.375599861,2020
Brazil,6.33,2021
Brazil,6.257079601,2022
Brazil,6.125,2023
Brazil,6.176434194,2024
Brazil,6.145401173,2025
Brazil,6.114368152,2026
Bulgaria,4.865401268,2015
Bulgaria,4.837560654,2016
Bulgaria,5.096901894,2017
Bulgaria,5.098813534,2018
Bulgaria,5.108438015,2019
Bulgaria,5.101500034,2020
Bulgaria,5.266,2021
Bulgaria,5.378348827,2022
Bulgaria,5.466,2023
Bulgaria,5.499243983,2024
Bulgaria,5.572004685,2025
Bulgaria,5.644765388,2026
Burkina Faso,4.418930054,2015
Burkina Faso,4.205634594,2016
Burkina Faso,4.646891117,2017
Burkina Faso,4.92723608,2018
Burkina Faso,4.740892887,2019
Burkina Faso,4.768700123,2020
Burkina Faso,4.834,2021
Burkina Faso,4.638,2023
Burkina Faso,5.177185551,2024
Burkina Faso,5.265233503,2025
Burkina Faso,5.353281455,2026
Burundi,3.775283098,2018
Burundi,3.775300026,2020
Burundi,3.775,2021
Cambodia,4.162164688,2015
Cambodia,4.461259365,2016
Cambodia,4.585842133,2017
Cambodia,5.121837616,2018
Cambodia,4.998284817,2019
Cambodia,4.848400116,2020
Cambodia,4.83,2021
Cambodia,4.250280857,2022
Cambodia,4.393,2023
Cambodia,4.670003618,2024
Cambodia,4.678425017,2025
Cambodia,4.686846416,2026
Cameroon,5.037964821,2015
Cameroon,4.816232204,2016
Cameroon,5.07405138,2017
Cameroon,5.250737667,2018
Cameroon,4.936737537,2019
Cameroon,5.084899902,2020
Cameroon,5.142,2021
Cameroon,4.712408066,2022
Cameroon,4.973,2023
Cameroon,4.953008601,2024
Cameroon,4.942987397,2025
Cameroon,4.932966194,2026
Canada,7.412772655,2015
Canada,7.244845867,2016
Canada,7.414868355,2017
Canada,7.175496578,2018
Canada,7.1090765,2019
Canada,7.23210001,2020
Canada,7.103,2021
Canada,6.917935371,2022
Canada,6.961,2023
Canada,6.894986533,2024
Canada,6.83907061,2025
Canada,6.783154687,2026
Central African Republic,2.693061113,2016
Central African Republic,3.475862026,2017
Central African Republic,3.475899935,2020
Chad,4.322675228,2015
Chad,4.029350281,2016
Chad,4.558937073,2017
Chad,4.486325264,2018
Chad,4.250799179,2019
Chad,4.422699928,2020
Chad,4.355,2021
Chad,4.396646023,2022
Chad,4.397,2023
Chad,4.435022011,2024
Chad,4.450483458,2025
Chad,4.465944906,2026
Chile,6.532749653,2015
Chile,6.579056263,2016
Chile,6.320119381,2017
Chile,6.436220646,2018
Chile,5.942250252,2019
Chile,6.228499889,2020
Chile,6.172,2021
Chile,6.415198803,2022
Chile,6.334,2023
Chile,6.179688556,2024
Chile,6.149846381,2025
Chile,6.120004206,2026
China,5.303877831,2015
China,5.32495594,2016
China,5.099061489,2017
China,5.131433964,2018
China,5.144120216,2019
China,5.123899937,2020
China,5.339,2021
China,5.5785,2022
China,5.818,2023
China,5.592216363,2024
China,5.64704076,2025
China,5.701865158,2026
Colombia,6.387571812,2015
Colombia,6.233715057,2016
Colombia,6.157341957,2017
Colombia,5.983512402,2018
Colombia,6.350297928,2019
Colombia,6.163400173,2020
Colombia,6.012,2021
Colombia,5.891712189,2022
Colombia,5.63,2023
Colombia,5.742692502,2024
Colombia,5.673240969,2025
Colombia,5.603789436,2026
Costa Rica,6.854004383,2015
Costa Rica,7.135617733,2016
Costa Rica,7.22518158,2017
Costa Rica,7.141074657,2018
Costa Rica,6.997618675,2019
Costa Rica,7.121399879,2020
Costa Rica,7.069,2021
Costa Rica,7.076658249,2022
Costa Rica,6.609,2023
Costa Rica,6.901428302,2024
Costa Rica,6.876612736,2025
Costa Rica,6.851797171,2026
Croatia,5.205438137,2015
Croatia,5.416875362,2016
Croatia,5.343165874,2017
Croatia,5.536271095,2018
Croatia,5.625743866,2019
Croatia,5.504700184,2020
Croatia,5.882,2021
Croatia,5.578691483,2022
Croatia,6.125,2023
Croatia,6.064529657,2024
Croatia,6.156408595,2025
Croatia,6.248287534,2026
Cyprus,5.439161301,2015
Cyprus,5.794618607,2016
Cyprus,6.062051296,2017
Cyprus,6.276443005,2018
Cyprus,6.136832714,2019
Cyprus,6.15899992,2020
Cyprus,6.223,2021
Cyprus,5.864756584,2022
Cyprus,6.13,2023
Cyprus,6.274392302,2024
Cyprus,6.327362686,2025
Cyprus,6.38033307,2026
Czech Republic,6.608017445,2015
Czech Republic,6.735627174,2016
Czech Republic,6.789567947,2017
Czech Republic,7.034165382,2018
Czech Republic,6.695077419,2022
Czech Republic,6.845,2023
Czech Republic,7.791132925,2024
Czech Republic,7.924371383,2025
Czech Republic,8.057609842,2026
Democratic Republic of the Congo,3.902741671,2015
Democratic Republic of the Congo,4.521935463,2016
Democratic Republic of the Congo,4.311033249,2017
Democratic Republic of the Congo,4.31099987,2020
Democratic Republic of the Congo,3.207196712,2022
Democratic Republic of the Congo,3.207,2023
Denmark,7.514424801,2015
Denmark,7.55778265,2016
Denmark,7.593702316,2017
Denmark,7.648785591,2018
Denmark,7.693003178,2019
Denmark,7.645599842,2020
Denmark,7.62,2021
Denmark,7.54496479,2022
Denmark,7.586,2023
Denmark,7.625245088,2024
Denmark,7.630199369,2025
Denmark,7.635153649,2026
Dominican Republic,5.061862469,2015
Dominican Republic,5.238698483,2016
Dominican Republic,5.605202675,2017
Dominican Republic,5.433215618,2018
Dominican Republic,6.004237175,2019
Dominican Republic,5.689199924,2020
Dominican Republic,5.545,2021
Dominican Republic,5.518415928,2022
Dominican Republic,5.569,2023
Dominican Republic,5.768588148,2024
Dominican Republic,5.818642838,2025
Dominican Republic,5.868697529,2026
Ecuador,5.964075089,2015
Ecuador,6.115437508,2016
Ecuador,5.839518547,2017
Ecuador,6.128010273,2018
Ecuador,5.809131145,2019
Ecuador,5.925199986,2020
Ecuador,5.764,2021
Ecuador,5.887132168,2022
Ecuador,5.559,2023
Ecuador,5.666356322,2024
Ecuador,5.622038593,2025
Ecuador,5.577720863,2026
Egypt,4.762538433,2015
Egypt,4.556740761,2016
Egypt,3.929344177,2017
Egypt,4.005450726,2018
Egypt,4.327831745,2019
Egypt,4.151400089,2020
Egypt,4.283,2021
Egypt,4.023561001,2022
Egypt,4.17,2023
Egypt,3.985838103,2024
Egypt,3.93389757,2025
Egypt,3.881957037,2026
El Salvador,6.018496037,2015
El Salvador,6.139824867,2016
El Salvador,6.339318275,2017
El Salvador,6.241199493,2018
El Salvador,6.454820633,2019
El Salvador,6.34829998,2020
El Salvador,6.061,2021
El Salvador,6.492156029,2022
El Salvador,6.122,2023
El Salvador,6.331468919,2024
El Salvador,6.348493474,2025
El Salvador,6.365518028,2026
England,6.515445232,2015
England,6.8242836,2016
England,7.103273392,2017
England,7.233445168,2018
England,7.157151222,2019
England,7.164500237,2020
England,7.064,2021
England,6.721779823,2022
England,6.796,2023
England,7.008921188,2024
England,7.020041455,2025
England,7.031161722,2026
Estonia,5.628908634,2015
Estonia,5.649675369,2016
Estonia,5.938395977,2017
Estonia,6.091302395,2018
Estonia,6.034641266,2019
Estonia,6.021800041,2020
Estonia,6.189,2021
Estonia,6.357114315,2022
Estonia,6.455,2023
Estonia,6.528847666,2024
Estonia,6.626487466,2025
Estonia,6.724127266,2026
Ethiopia,4.573154926,2015
Ethiopia,4.297848701,2016
Ethiopia,4.180315495,2017
Ethiopia,4.379262447,2018
Ethiopia,4.099555016,2019
Ethiopia,4.186200142,2020
Ethiopia,4.275,2021
Ethiopia,3.628071547,2022
Ethiopia,4.091,2023
Ethiopia,3.861574992,2024
Ethiopia,3.795880918,2025
Ethiopia,3.730186843,2026
Finland,7.447925568,2015
Finland,7.659843445,2016
Finland,7.788251877,2017
Finland,7.85810709,2018
Finland,7.780347824,2019
Finland,7.808700085,2020
Finland,7.842,2021
Finland,7.728998184,2022
Finland,7.804,2023
Finland,7.887284718,2024
Finland,7.915448904,2025
Finland,7.943613091,2026
France,6.357625008,2015
France,6.475208759,2016
France,6.635222435,2017
France,6.665903568,2018
France,6.689644337,2019
France,6.663799763,2020
France,6.69,2021
France,6.613806725,2022
France,6.661,2023
France,6.750529943,2024
France,6.779475696,2025
France,6.80842145,2026
Gabon,4.66101265,2015
Gabon,4.831764221,2016
Gabon,4.782382965,2017
Gabon,4.783009052,2018
Gabon,4.914393425,2019
Gabon,4.829299927,2020
Gabon,4.852,2021
Gabon,5.139500618,2022
Gabon,5.035,2023
Gabon,5.106289543,2024
Gabon,5.156591,2025
Gabon,5.206892458,2026
Gambia,4.117938995,2017
Gambia,4.922099113,2018
Gambia,5.163627148,2019
Gambia,4.750599861,2020
Gambia,5.051,2021
Gambia,4.279441357,2022
Gambia,4.279,2023
Gambia,4.521278118,2024
Gambia,4.488608131,2025
Gambia,4.455938144,2026
Georgia,4.121940613,2015
Georgia,4.448386192,2016
Georgia,4.45077467,2017
Georgia,4.659097195,2018
Georgia,4.89183569,2019
Georgia,4.672599792,2020
Georgia,4.891,2021
Georgia,5.292755127,2022
Georgia,5.109,2023
Georgia,5.340984721,2024
Georgia,5.463906348,2025
Georgia,5.586827974,2026
Germany,7.037137508,2015
Germany,6.873763084,2016
Germany,7.074324608,2017
Germany,7.118364334,2018
Germany,7.035472393,2019
Germany,7.075799942,2020
Germany,7.155,2021
Germany,6.608206749,2022
Germany,6.892,2023
Germany,6.880693793,2024
Germany,6.859719915,2025
Germany,6.838746038,2026
Ghana,3.985916138,2015
Ghana,4.514411449,2016
Ghana,5.481310844,2017
Ghana,5.003693104,2018
Ghana,4.96680975,2019
Ghana,5.147999763,2020
Ghana,5.088,2021
Ghana,4.190854549,2022
Ghana,4.605,2023
Ghana,4.847945321,2024
Ghana,4.862334483,2025
Ghana,4.876723645,2026
Greece,5.622519016,2015
Greece,5.302619457,2016
Greece,5.14824152,2017
Greece,5.40928936,2018
Greece,5.952157497,2019
Greece,5.514999866,2020
Greece,5.723,2021
Greece,5.90045929,2022
Greece,5.931,2023
Greece,5.968476576,2024
Greece,6.039854424,2025
Greece,6.111232272,2026
Guatemala,6.464986801,2015
Guatemala,6.358916283,2016
Guatemala,6.325118542,2017
Guatemala,6.626591682,2018
Guatemala,6.262175083,2019
Guatemala,6.398900032,2020
Guatemala,6.435,2021
Guatemala,6.150331497,2022
Guatemala,6.15,2023
Guatemala,6.194644133,2024
Guatemala,6.163083628,2025
Guatemala,6.131523123,2026
Guinea,3.504693508,2015
Guinea,3.602854729,2016
Guinea,4.873722553,2017
Guinea,5.25222683,2018
Guinea,4.76768446,2019
Guinea,4.949299812,2020
Guinea,4.984,2021
Guinea,5.317492962,2022
Guinea,5.072,2023
Guinea,5.646894585,2024
Guinea,5.835740727,2025
Guinea,6.024586869,2026
Haiti,3.569762468,2015
Haiti,3.352300167,2016
Haiti,3.823865652,2017
Haiti,3.614928007,2018
Haiti,3.720799923,2020
Haiti,3.615,2021
Haiti,4.04551065,2024
Haiti,4.10621686,2025
Haiti,4.16692307,2026
Honduras,4.845436573,2015
Honduras,5.648154736,2016
Honduras,6.019985676,2017
Honduras,5.908423901,2018
Honduras,5.930051327,2019
Honduras,5.953199863,2020
Honduras,5.919,2021
Honduras,5.931803703,2022
Honduras,6.023,2023
Honduras,6.248006633,2024
Honduras,6.338073386,2025
Honduras,6.42814014,2026
Hungary,5.34438324,2015
Hungary,5.448901653,2016
Hungary,6.065038681,2017
Hungary,5.935770988,2018
Hungary,6.000259876,2019
Hungary,6.000400066,2020
Hungary,5.992,2021
Hungary,5.861183167,2022
Hungary,6.041,2023
Hungary,6.182815016,2024
Hungary,6.248512738,2025
Hungary,6.314210459,2026
Iceland,7.498070717,2015
Iceland,7.510034561,2016
Iceland,7.476213932,2017
Iceland,7.5043595,2018
Iceland,7.532504559,2019
Iceland,7.504499912,2020
Iceland,7.554,2021
Iceland,7.448794365,2022
Iceland,7.53,2023
Iceland,7.514806596,2024
Iceland,7.516468414,2025
Iceland,7.518130233,2026
India,4.342079163,2015
India,4.179177284,2016
India,4.046111107,2017
India,3.818068743,2018
India,3.24876976,2019
India,3.573299885,2020
India,3.819,2021
India,3.929816246,2022
India,4.036,2023
India,3.665419896,2024
India,3.620896715,2025
India,3.576373534,2026
Indonesia,5.04279995,2015
Indonesia,5.136325359,2016
Indonesia,5.098401546,2017
Indonesia,5.340295792,2018
Indonesia,5.346512794,2019
Indonesia,5.285600185,2020
Indonesia,5.345,2021
Indonesia,5.584685802,2022
Indonesia,5.277,2023
Indonesia,5.499656506,2024
Indonesia,5.544996219,2025
Indonesia,5.590335933,2026
Iran,4.749955654,2015
Iran,4.652730942,2016
Iran,4.716783047,2017
Iran,4.278117657,2018
Iran,5.006145954,2019
Iran,4.672399998,2020
Iran,4.721,2021
Iran,4.976995468,2022
Iran,4.876,2023
Iran,4.895543792,2024
Iran,4.926871912,2025
Iran,4.958200032,2026
Iraq,4.493377209,2015
Iraq,4.412537098,2016
Iraq,4.462399006,2017
Iraq,4.8864007,2018
Iraq,4.835600377,2019
Iraq,4.784800053,2020
Iraq,4.854,2021
Iraq,4.8975,2022
Iraq,4.941,2023
Iraq,5.056983372,2024
Iraq,5.122433059,2025
Iraq,5.187882746,2026
Ireland,6.830125332,2015
Ireland,7.04073143,2016
Ireland,7.060155392,2017
Ireland,6.962335587,2018
Ireland,7.254841328,2019
Ireland,7.093699932,2020
Ireland,7.085,2021
Ireland,6.869863987,2022
Ireland,6.911,2023
Ireland,7.011301713,2024
Ireland,7.011167545,2025
Ireland,7.011033376,2026
Israel,7.07941103,2015
Israel,7.159010887,2016
Israel,7.331036091,2017
Israel,6.92717886,2018
Israel,7.331779957,2019
Israel,7.128600121,2020
Israel,7.157,2021
Israel,7.662397385,2022
Israel,7.473,2023
Israel,7.494756963,2024
Israel,7.543721371,2025
Israel,7.592685779,2026
Italy,5.847683907,2015
Italy,5.95452404,2016
Italy,6.198870182,2017
Italy,6.516526699,2018
Italy,6.445416927,2019
Italy,6.38740015,2020
Italy,6.483,2021
Italy,6.258476734,2022
Italy,6.405,2023
Italy,6.575787811,2024
Italy,6.635458736,2025
Italy,6.695129662,2026
Ivory Coast,4.445038795,2015
Ivory Coast,4.542545795,2016
Ivory Coast,5.037734985,2017
Ivory Coast,5.26837492,2018
Ivory Coast,5.392012119,2019
Ivory Coast,5.233300209,2020
Ivory Coast,5.306,2021
Ivory Coast,4.84867382,2022
Ivory Coast,5.053,2023
Ivory Coast,5.037068111,2024
Ivory Coast,5.005653137,2025
Ivory Coast,4.974238163,2026
Jamaica,5.889759064,2017
Jamaica,6.099498988,2018
Jamaica,6.309238911,2019
Jamaica,5.889800072,2020
Jamaica,6.309,2021
Jamaica,5.87018919,2022
Jamaica,5.703,2023
Jamaica,5.864478647,2024
Jamaica,5.828080943,2025
Jamaica,5.79168324,2026
Japan,5.879684448,2015
Japan,5.954650879,2016
Japan,5.910676479,2017
Japan,5.793575287,2018
Japan,5.908039093,2019
Japan,5.870800018,2020
Japan,5.94,2021
Japan,6.178009987,2022
Japan,6.129,2023
Japan,6.10187163,2024
Japan,6.131925152,2025
Japan,6.161978673,2026
Jordan,5.404593468,2015
Jordan,5.27128458,2016
Jordan,4.808082581,2017
Jordan,4.638933659,2018
Jordan,4.452548027,2019
Jordan,4.633399963,2020
Jordan,4.395,2021
Jordan,4.355606556,2022
Jordan,4.12,2023
Jordan,3.949068748,2024
Jordan,3.803783635,2025
Jordan,3.658498521,2026
Kazakhstan,5.949995041,2015
Kazakhstan,5.533551693,2016
Kazakhstan,5.882351398,2017
Kazakhstan,6.00763607,2018
Kazakhstan,6.272268295,2019
Kazakhstan,6.057899952,2020
Kazakhstan,6.152,2021
Kazakhstan,6.006279469,2022
Kazakhstan,6.144,2023
Kazakhstan,6.232645012,2024
Kazakhstan,6.279041083,2025
Kazakhstan,6.325437153,2026
Kenya,4.357617855,2015
Kenya,4.396127701,2016
Kenya,4.475654125,2017
Kenya,4.655702591,2018
Kenya,4.618850231,2019
Kenya,4.583000183,2020
Kenya,4.607,2021
Kenya,4.447946548,2022
Kenya,4.487,2023
Kenya,4.586236676,2024
Kenya,4.600619583,2025
Kenya,4.615002491,2026
Kosovo,5.077460766,2015
Kosovo,5.759412289,2016
Kosovo,6.149199963,2017
Kosovo,6.391825676,2018
Kosovo,6.425144196,2019
Kosovo,6.325200081,2020
Kosovo,6.372,2021
Kosovo,6.159853458,2022
Kosovo,6.368,2023
Kosovo,7.205278464,2024
Kosovo,7.394247661,2025
Kosovo,7.583216858,2026
Kuwait,6.146031857,2015
Kuwait,5.947194576,2016
Kuwait,6.093905449,2017
Kuwait,6.098002672,2018
Kuwait,6.106119633,2019
Kuwait,6.102099895,2020
Kuwait,6.106,2021
Kuwait,6.128892566,2024
Kuwait,6.136104324,2025
Kuwait,6.143316083,2026
Kyrgyzstan,4.905375957,2015
Kyrgyzstan,4.856534004,2016
Kyrgyzstan,5.629536629,2017
Kyrgyzstan,5.297383308,2018
Kyrgyzstan,5.685220718,2019
Kyrgyzstan,5.541500092,2020
Kyrgyzstan,5.744,2021
Kyrgyzstan,5.667840958,2022
Kyrgyzstan,5.825,2023
Kyrgyzstan,5.825223771,2024
Kyrgyzstan,5.874726796,2025
Kyrgyzstan,5.924229821,2026
Laos,4.623140812,2017
Laos,4.85940218,2018
Laos,5.196856022,2019
Laos,4.888599873,2020
Laos,5.03,2021
Laos,5.0705,2022
Laos,5.111,2023
Laos,5.214059438,2024
Laos,5.275449338,2025
Laos,5.336839237,2026
Latvia,5.880597591,2015
Latvia,5.940446377,2016
Latvia,5.977817535,2017
Latvia,5.901154041,2018
Latvia,5.969753742,2019
Latvia,5.949999809,2020
Latvia,6.032,2021
Latvia,6.054838181,2022
Latvia,6.213,2023
Latvia,6.143567121,2024
Latvia,6.17406705,2025
Latvia,6.204566979,2026
Lebanon,5.171971321,2015
Lebanon,5.27072382,2016
Lebanon,5.153989792,2017
Lebanon,5.167186737,2018
Lebanon,4.024219513,2019
Lebanon,4.771500111,2020
Lebanon,4.584,2021
Lebanon,2.352427721,2022
Lebanon,2.392,2023
Lebanon,3.929108914,2024
Lebanon,3.765564475,2025
Lebanon,3.602020036,2026
Lesotho,3.808204889,2016
Lesotho,3.795300722,2017
Lesotho,3.653540611,2018
Lesotho,3.5117805,2019
Lesotho,3.652800083,2020
Lesotho,3.512,2021
Lesotho,3.333416593,2024
Lesotho,3.27483698,2025
Lesotho,3.216257366,2026
Liberia,2.701591253,2015
Liberia,3.354676008,2016
Liberia,4.424490929,2017
Liberia,4.134852886,2018
Liberia,5.121460915,2019
Liberia,4.557899952,2020
Liberia,4.625,2021
Liberia,4.04226017,2022
Liberia,4.042,2023
Liberia,6.032919731,2024
Liberia,6.349835592,2025
Liberia,6.666751453,2026
Libya,5.615404606,2015
Libya,5.43358326,2016
Libya,5.646852493,2017
Libya,5.493977547,2018
Libya,5.33022213,2019
Libya,5.488800049,2020
Libya,5.41,2021
Libya,5.312174883,2024
Libya,5.282803076,2025
Libya,5.253431268,2026
Lithuania,5.711378098,2015
Lithuania,5.865552425,2016
Lithuania,6.272940636,2017
Lithuania,6.308878899,2018
Lithuania,6.064097881,2019
Lithuania,6.215499878,2020
Lithuania,6.255,2021
Lithuania,7.037577152,2022
Lithuania,6.763,2023
Lithuania,6.909877899,2024
Lithuania,7.036432924,2025
Lithuania,7.162987949,2026
Luxembourg,6.701571465,2015
Luxembourg,6.967340946,2016
Luxembourg,7.061380863,2017
Luxembourg,7.242630959,2018
Luxembourg,7.404015541,2019
Luxembourg,7.237500191,2020
Luxembourg,7.324,2021
Luxembourg,7.227934837,2022
Luxembourg,7.228,2023
Luxembourg,7.438897477,2024
Luxembourg,7.495690865,2025
Luxembourg,7.552484254,2026
Malawi,3.86763835,2015
Malawi,3.476492643,2016
Malawi,3.416862965,2017
Malawi,3.334633589,2018
Malawi,3.869123697,2019
Malawi,3.538000107,2020
Malawi,3.6,2021
Malawi,3.355563402,2022
Malawi,3.495,2023
Malawi,3.464368572,2024
Malawi,3.445030031,2025
Malawi,3.42569149,2026
Malaysia,6.322121143,2015
Malaysia,5.338817596,2018
Malaysia,5.427954197,2019
Malaysia,5.384300232,2020
Malaysia,5.384,2021
Malaysia,5.698,2022
Malaysia,6.012,2023
Malaysia,5.958420257,2024
Malaysia,6.077727377,2025
Malaysia,6.197034497,2026
Mali,4.582098484,2015
Mali,4.016027927,2016
Mali,4.741850376,2017
Mali,4.415729523,2018
Mali,4.98799181,2019
Mali,4.729300022,2020
Mali,4.723,2021
Mali,4.210547924,2022
Mali,4.198,2023
Mali,4.455202546,2024
Mali,4.44391981,2025
Mali,4.432637073,2026
Mauritania,3.922664165,2015
Mauritania,4.472149372,2016
Mauritania,4.678159714,2017
Mauritania,4.313615322,2018
Mauritania,4.152619362,2019
Mauritania,4.374599934,2020
Mauritania,4.227,2021
Mauritania,4.723868847,2022
Mauritania,4.724,2023
Mauritania,4.658672436,2024
Mauritania,4.710658552,2025
Mauritania,4.762644668,2026
Mexico,6.236287117,2015
Mexico,6.824172974,2016
Mexico,6.410299301,2017
Mexico,6.549578667,2018
Mexico,6.431945324,2019
Mexico,6.465000153,2020
Mexico,6.317,2021
Mexico,7.038368702,2022
Mexico,6.33,2023
Mexico,6.573594271,2024
Mexico,6.586031964,2025
Mexico,6.598469658,2026
Moldova,6.017472267,2015
Moldova,5.577784061,2016
Moldova,5.325530529,2017
Moldova,5.682277203,2018
Moldova,5.803450584,2019
Moldova,5.607500076,2020
Moldova,5.766,2021
Moldova,5.686611652,2022
Moldova,5.819,2023
Moldova,5.726632557,2024
Moldova,5.732278482,2025
Moldova,5.737924408,2026
Mongolia,4.982719898,2015
Mongolia,5.056999683,2016
Mongolia,5.333850384,2017
Mongolia,5.464622974,2018
Mongolia,5.562905312,2019
Mongolia,5.456200123,2020
Mongolia,5.677,2021
Mongolia,5.787830353,2022
Mongolia,5.84,2023
Mongolia,5.987416147,2024
Mongolia,6.092407627,2025
Mongolia,6.197399107,2026
Montenegro,5.124921322,2015
Montenegro,5.304066181,2016
Montenegro,5.614798546,2017
Montenegro,5.650189877,2018
Montenegro,5.386024952,2019
Montenegro,5.54610014,2020
Montenegro,5.581,2021
Montenegro,5.6515,2022
Montenegro,5.722,2023
Montenegro,5.780533114,2024
Montenegro,5.834848603,2025
Montenegro,5.889164092,2026
Morocco,5.163156986,2015
Morocco,5.38630724,2016
Morocco,5.312482834,2017
Morocco,4.896791935,2018
Morocco,5.056751728,2019
Morocco,5.094799995,2020
Morocco,4.918,2021
Morocco,4.596093178,2022
Morocco,4.903,2023
Morocco,4.70285701,2024
Morocco,4.636153215,2025
Morocco,4.569449419,2026
Mozambique,4.549767494,2015
Mozambique,4.414815426,2016
Mozambique,4.279863358,2017
Mozambique,4.653713703,2018
Mozambique,4.932132721,2019
Mozambique,4.623600006,2020
Mozambique,4.794,2021
Mozambique,4.739677429,2022
Mozambique,4.954,2023
Mozambique,4.959314095,2024
Mozambique,5.019142022,2025
Mozambique,5.078969949,2026
Myanmar,4.223846436,2015
Myanmar,4.623119831,2016
Myanmar,4.154341698,2017
Myanmar,4.410633087,2018
Myanmar,4.43423748,2019
Myanmar,4.308000088,2020
Myanmar,4.426,2021
Myanmar,5.6515,2022
Myanmar,4.372,2023
Myanmar,4.446526229,2024
Myanmar,4.468721631,2025
Myanmar,4.490917033,2026
Namibia,4.441306114,2017
Namibia,4.834087849,2018
Namibia,4.435811043,2019
Namibia,4.571100235,2020
Namibia,4.574,2021
Namibia,4.948962688,2022
Namibia,4.631,2023
Namibia,4.767612603,2024
Namibia,4.801077614,2025
Namibia,4.834542624,2026
Nepal,4.812436581,2015
Nepal,5.099539757,2016
Nepal,4.736692429,2017
Nepal,4.910086632,2018
Nepal,5.448724747,2019
Nepal,5.137199879,2020
Nepal,5.269,2021
Nepal,5.47417593,2022
Nepal,5.36,2023
Nepal,5.522474877,2024
Nepal,5.59923972,2025
Nepal,5.676004563,2026
Netherlands,7.324437141,2015
Netherlands,7.540877342,2016
Netherlands,7.458965302,2017
Netherlands,7.463097095,2018
Netherlands,7.42526865,2019
Netherlands,7.448900223,2020
Netherlands,7.464,2021
Netherlands,7.38963604,2022
Netherlands,7.403,2023
Netherlands,7.42338687,2024
Netherlands,7.420993538,2025
Netherlands,7.418600206,2026
New Zealand,7.418120861,2015
New Zealand,7.225687981,2016
New Zealand,7.32718277,2017
New Zealand,7.370285988,2018
New Zealand,7.205174446,2019
New Zealand,7.299600124,2020
New Zealand,7.277,2021
New Zealand,6.974986553,2022
New Zealand,7.123,2023
New Zealand,7.071478819,2024
New Zealand,7.036418167,2025
New Zealand,7.001357515,2026
Nicaragua,5.924112797,2015
Nicaragua,6.012739658,2016
Nicaragua,6.476356506,2017
Nicaragua,5.81895256,2018
Nicaragua,6.112545013,2019
Nicaragua,6.13710022,2020
Nicaragua,5.972,2021
Nicaragua,6.39225769,2022
Nicaragua,6.259,2023
Nicaragua,6.271746401,2024
Nicaragua,6.301538694,2025
Nicaragua,6.331330986,2026
Niger,3.671453714,2015
Niger,4.234645844,2016
Niger,4.615673542,2017
Niger,5.164007187,2018
Niger,5.003544331,2019
Niger,4.909599781,2020
Niger,5.074,2021
Niger,4.501331329,2022
Niger,4.501,2023
Niger,5.028957896,2024
Niger,5.108632681,2025
Niger,5.188307466,2026
Nigeria,4.932914734,2015
Nigeria,5.219567776,2016
Nigeria,5.321928024,2017
Nigeria,5.252288342,2018
Nigeria,4.266484261,2019
Nigeria,4.724100113,2020
Nigeria,4.759,2021
Nigeria,4.87,2022
Nigeria,4.981,2023
Nigeria,4.716053149,2024
Nigeria,4.67421304,2025
Nigeria,4.632372931,2026
Norway,7.603433609,2015
Norway,7.596331596,2016
Norway,7.578744888,2017
Norway,7.444262028,2018
Norway,7.442139626,2019
Norway,7.487999916,2020
Norway,7.392,2021
Norway,7.294604301,2022
Norway,7.315,2023
Norway,7.262557201,2024
Norway,7.222746064,2025
Norway,7.182934927,2026
Pakistan,4.823194981,2015
Pakistan,5.548508167,2016
Pakistan,5.830870628,2017
Pakistan,5.471553802,2018
Pakistan,4.442717552,2019
Pakistan,5.69329977,2020
Pakistan,4.934,2021
Pakistan,4.7445,2022
Pakistan,4.555,2023
Pakistan,4.694560568,2024
Pakistan,4.610280573,2025
Pakistan,4.526000578,2026
Panama,6.605550289,2015
Panama,6.117638111,2016
Panama,6.567658901,2017
Panama,6.281434059,2018
Panama,6.085955143,2019
Panama,6.304800034,2020
Panama,6.18,2021
Panama,5.979382038,2022
Panama,6.265,2023
Panama,6.054525297,2024
Panama,6.01237661,2025
Panama,5.970227924,2026
Paraguay,5.559724331,2015
Paraguay,5.801380157,2016
Paraguay,5.71329546,2017
Paraguay,5.682960511,2018
Paraguay,5.652625561,2019
Paraguay,5.692100048,2020
Paraguay,5.653,2021
Paraguay,6.137611866,2022
Paraguay,5.738,2023
Paraguay,5.87093975,2024
Paraguay,5.897778857,2025
Paraguay,5.924617964,2026
Peru,5.577263355,2015
Peru,5.700628757,2016
Peru,5.710936546,2017
Peru,5.679661274,2018
Peru,5.999381542,2019
Peru,5.796800137,2020
Peru,5.84,2021
Peru,5.892068863,2022
Peru,5.526,2023
Peru,5.809015553,2024
Peru,5.821424431,2025
Peru,5.833833308,2026
Philippines,5.547489166,2015
Philippines,5.430832863,2016
Philippines,5.594270229,2017
Philippines,5.869172573,2018
Philippines,6.267745018,2019
Philippines,6.006000042,2020
Philippines,5.88,2021
Philippines,5.7015,2022
Philippines,5.523,2023
Philippines,5.876306523,2024
Philippines,5.900012053,2025
Philippines,5.923717582,2026
Poland,6.007021904,2015
Poland,6.162076473,2016
Poland,6.201268196,2017
Poland,6.111485004,2018
Poland,6.24209404,2019
Poland,6.186299801,2020
Poland,6.166,2021
Poland,6.666265011,2022
Poland,6.26,2023
Poland,6.433230859,2024
Poland,6.475376799,2025
Poland,6.517522739,2026
Portugal,5.080866337,2015
Portugal,5.446637154,2016
Portugal,5.711499214,2017
Portugal,5.919822693,2018
Portugal,6.095473289,2019
Portugal,5.910900116,2020
Portugal,5.929,2021
Portugal,5.952542782,2022
Portugal,5.968,2023
Portugal,6.237109943,2024
Portugal,6.328648785,2025
Portugal,6.420187627,2026
Republic of Serbia,5.317685127,2015
Republic of Serbia,5.752754688,2016
Republic of Serbia,5.122031212,2017
Republic of Serbia,5.936493397,2018
Republic of Serbia,6.241407394,2019
Republic of Serbia,5.77820015,2020
Republic of Serbia,6.078,2021
Republic of Serbia,6.111,2022
Republic of Serbia,6.144,2023
Republic of Serbia,6.342422421,2024
Republic of Serbia,6.44464975,2025
Republic of Serbia,6.546877079,2026
Republic of the Congo,4.690830231,2015
Republic of the Congo,4.119493484,2016
Republic of the Congo,4.883991241,2017
Republic of the Congo,5.490214348,2018
Republic of the Congo,5.212622643,2019
Republic of the Congo,5.194399834,2020
Republic of the Congo,5.342,2021
Republic of the Congo,5.804918766,2022
Republic of the Congo,5.267,2023
Republic of the Congo,5.776815444,2024
Republic of the Congo,5.909834742,2025
Republic of the Congo,6.042854041,2026
Romania,5.777491093,2015
Romania,5.96887064,2016
Romania,6.089904785,2017
Romania,6.150878906,2018
Romania,6.129942417,2019
Romania,6.123700142,2020
Romania,6.14,2021
Romania,6.436973572,2022
Romania,6.589,2023
Romania,6.549919847,2024
Romania,6.628642448,2025
Romania,6.70736505,2026
Russia,5.995538712,2015
Russia,5.85494566,2016
Russia,5.578742981,2017
Russia,5.513500214,2018
Russia,5.440523624,2019
Russia,5.546000004,2020
Russia,5.477,2021
Russia,6.044072628,2022
Russia,5.661,2023
Russia,5.600555971,2024
Russia,5.584859969,2025
Russia,5.569163967,2026
Rwanda,3.483108997,2015
Rwanda,3.332989931,2016
Rwanda,3.10837388,2017
Rwanda,3.5610466,2018
Rwanda,3.268152237,2019
Rwanda,3.312299967,2020
Rwanda,3.415,2021
Rwanda,3.336011253,2024
Rwanda,3.332942376,2025
Rwanda,3.329873498,2026
Saudi Arabia,6.345491886,2015
Saudi Arabia,6.473921299,2016
Saudi Arabia,6.294282436,2017
Saudi Arabia,6.356393337,2018
Saudi Arabia,6.561247349,2019
Saudi Arabia,6.406499863,2020
Saudi Arabia,6.494,2021
Saudi Arabia,6.381610394,2022
Saudi Arabia,6.463,2023
Saudi Arabia,6.473158623,2024
Saudi Arabia,6.483869313,2025
Saudi Arabia,6.494580003,2026
Senegal,4.61700058,2015
Senegal,4.59453392,2016
Senegal,4.683024883,2017
Senegal,4.769377232,2018
Senegal,5.488736629,2019
Senegal,4.980800152,2020
Senegal,5.132,2021
Senegal,4.90681982,2022
Senegal,4.855,2023
Senegal,5.564333872,2024
Senegal,5.675878246,2025
Senegal,5.787422619,2026
Sierra Leone,4.908617973,2015
Sierra Leone,4.732953072,2016
Sierra Leone,4.089562416,2017
Sierra Leone,4.305683136,2018
Sierra Leone,3.447381496,2019
Sierra Leone,3.926399946,2020
Sierra Leone,3.849,2021
Sierra Leone,2.560429573,2022
Sierra Leone,3.138,2023
Sierra Leone,2.679187756,2024
Sierra Leone,2.438180249,2025
Sierra Leone,2.197172742,2026
Slovakia,6.162004471,2015
Slovakia,5.993163109,2016
Slovakia,6.365509033,2017
Slovakia,6.23511076,2018
Slovakia,6.243428707,2019
Slovakia,6.280600071,2020
Slovakia,6.331,2021
Slovakia,6.4,2022
Slovakia,6.469,2023
Slovakia,6.477615464,2024
Slovakia,6.518031531,2025
Slovakia,6.558447599,2026
Slovenia,5.740642071,2015
Slovenia,5.936821461,2016
Slovenia,6.166837692,2017
Slovenia,6.249419212,2018
Slovenia,6.665273666,2019
Slovenia,6.363399982,2020
Slovenia,6.461,2021
Slovenia,6.723397732,2022
Slovenia,6.65,2023
Slovenia,6.88682125,2024
Slovenia,6.998479016,2025
Slovenia,7.110136781,2026
Somalia,5.353644848,2015
Somalia,4.667941093,2016
South Africa,4.887325764,2015
South Africa,4.769739628,2016
South Africa,4.513655186,2017
South Africa,4.8839221,2018
South Africa,5.034863472,2019
South Africa,4.814099789,2020
South Africa,4.956,2021
South Africa,5.1155,2022
South Africa,5.275,2023
South Africa,5.200248886,2024
South Africa,5.256962975,2025
South Africa,5.313677065,2026
South Korea,5.780211449,2015
South Korea,5.970564365,2016
South Korea,5.873887062,2017
South Korea,5.840231419,2018
South Korea,5.902816772,2019
South Korea,5.872399807,2020
South Korea,5.845,2021
South Korea,5.950013638,2022
South Korea,5.951,2023
South Korea,5.937005192,2024
South Korea,5.946936797,2025
South Korea,5.956868401,2026
South Sudan,4.070771217,2015
South Sudan,2.888112307,2016
South Sudan,2.816622496,2017
South Sudan,2.816600084,2020
Spain,6.380663395,2015
Spain,6.318612099,2016
Spain,6.230173111,2017
Spain,6.513370991,2018
Spain,6.457449436,2019
Spain,6.400899887,2020
Spain,6.491,2021
Spain,6.336902142,2022
Spain,6.436,2023
Spain,5.707855066,2024
Spain,5.632609924,2025
Spain,5.557364782,2026
Sri Lanka,4.611606598,2015
Sri Lanka,4.471276045,2016
Sri Lanka,4.330945492,2017
Sri Lanka,4.435023785,2018
Sri Lanka,4.213299274,2019
Sri Lanka,4.327000141,2020
Sri Lanka,4.325,2021
Sri Lanka,4.3835,2022
Sri Lanka,4.442,2023
Sri Lanka,4.304822163,2024
Sri Lanka,4.287127677,2025
Sri Lanka,4.269433191,2026
Sweden,7.28892231,2015
Sweden,7.368744373,2016
Sweden,7.286804676,2017
Sweden,7.374792099,2018
Sweden,7.398092747,2019
Sweden,7.353499889,2020
Sweden,7.363,2021
Sweden,7.431214333,2022
Sweden,7.395,2023
Sweden,7.424131637,2024
Sweden,7.436511955,2025
Sweden,7.448892273,2026
Switzerland,7.572136879,2015
Switzerland,7.458519936,2016
Switzerland,7.473593235,2017
Switzerland,7.508586884,2018
Switzerland,7.69422102,2019
Switzerland,7.559899807,2020
Switzerland,7.571,2021
Switzerland,6.883844376,2022
Switzerland,7.24,2023
Switzerland,7.206329592,2024
Switzerland,7.159555463,2025
Switzerland,7.112781334,2026
Syria,3.46191287,2015
Taiwan,6.450088024,2015
Taiwan,6.512850761,2016
Taiwan,6.359450817,2017
Taiwan,6.467004776,2018
Taiwan,6.537089825,2019
Taiwan,6.45539999,2020
Taiwan,6.584,2021
Taiwan,6.607147217,2022
Taiwan,6.535,2023
Tajikistan,5.124210835,2015
Tajikistan,5.103721142,2016
Tajikistan,5.829234123,2017
Tajikistan,5.497468948,2018
Tajikistan,5.464015484,2019
Tajikistan,5.555699825,2020
Tajikistan,5.466,2021
Tajikistan,5.398,2022
Tajikistan,5.33,2023
Tajikistan,5.505185251,2024
Tajikistan,5.522481182,2025
Tajikistan,5.539777113,2026
Thailand,6.201762676,2015
Thailand,6.07363987,2016
Thailand,5.938895226,2017
Thailand,6.011561871,2018
Thailand,6.02215147,2019
Thailand,5.998799801,2020
Thailand,5.985,2021
Thailand,6.007117271,2022
Thailand,5.843,2023
Thailand,5.879505546,2024
Thailand,5.853586029,2025
Thailand,5.827666512,2026
Togo,3.768301964,2015
Togo,3.878578424,2016
Togo,4.360805035,2017
Togo,4.022894859,2018
Togo,4.179493904,2019
Togo,4.187200069,2020
Togo,4.107,2021
Togo,4.238982201,2022
Togo,4.137,2023
Togo,4.282197824,2024
Togo,4.319076134,2025
Togo,4.355954445,2026
Tunisia,5.131611824,2015
Tunisia,4.521453381,2016
Tunisia,4.124342918,2017
Tunisia,4.741132259,2018
Tunisia,4.315479755,2019
Tunisia,4.392199993,2020
Tunisia,4.596,2021
Tunisia,4.260868073,2022
Tunisia,4.497,2023
Tunisia,4.281746912,2024
Tunisia,4.236316557,2025
Tunisia,4.190886202,2026
Turkey,5.514465332,2015
Turkey,5.326221943,2016
Turkey,5.607262135,2017
Turkey,5.185689449,2018
Turkey,4.87207365,2019
Turkey,4.614,2023
Turkey,4.303421401,2024
Turkey,4.160889815,2025
Turkey,4.01835823,2026
Turkmenistan,5.791460037,2015
Turkmenistan,5.887051582,2016
Turkmenistan,5.229148865,2017
Turkmenistan,4.620601654,2018
Turkmenistan,5.474299908,2019
Turkmenistan,5.119100094,2020
Turkmenistan,5.066,2021
Turkmenistan,4.569566296,2024
Turkmenistan,4.445740152,2025
Turkmenistan,4.321914007,2026
Uganda,4.237686634,2015
Uganda,4.233261108,2016
Uganda,4.000516891,2017
Uganda,4.321714878,2018
Uganda,4.948051453,2019
Uganda,4.43200016,2020
Uganda,4.636,2021
Uganda,4.534,2022
Uganda,4.432,2023
Uganda,4.674530262,2024
Uganda,4.725542289,2025
Uganda,4.776554316,2026
Ukraine,3.964542866,2015
Ukraine,4.028690338,2016
Ukraine,4.311067104,2017
Ukraine,4.661909103,2018
Ukraine,4.701762199,2019
Ukraine,4.56069994,2020
Ukraine,4.875,2021
Ukraine,4.63743639,2022
Ukraine,5.071,2023
Ukraine,5.141238937,2024
Ukraine,5.262550992,2025
Ukraine,5.383863047,2026
United Arab Emirates,6.568397522,2015
United Arab Emirates,6.83095026,2016
United Arab Emirates,7.039419651,2017
United Arab Emirates,6.603743553,2018
United Arab Emirates,6.710782528,2019
United Arab Emirates,6.790800095,2020
United Arab Emirates,6.561,2021
United Arab Emirates,6.737605572,2022
United Arab Emirates,6.571,2023
United Arab Emirates,6.626016,2024
United Arab Emirates,6.608692551,2025
United Arab Emirates,6.591369103,2026
United Republic of Tanzania,3.660597324,2015
United Republic of Tanzania,2.90273428,2016
United Republic of Tanzania,3.347121239,2017
United Republic of Tanzania,3.445023298,2018
United Republic of Tanzania,3.640154839,2019
United Republic of Tanzania,3.476200104,2020
United Republic of Tanzania,3.623,2021
United Republic of Tanzania,3.615845203,2022
United Republic of Tanzania,3.694,2023
United Republic of Tanzania,3.727398293,2024
United Republic of Tanzania,3.774996256,2025
United Republic of Tanzania,3.82259422,2026
Uruguay,6.628080368,2015
Uruguay,6.171485424,2016
Uruguay,6.336009979,2017
Uruguay,6.371714592,2018
Uruguay,6.600337029,2019
Uruguay,6.440100193,2020
Uruguay,6.431,2021
Uruguay,6.670852661,2022
Uruguay,6.494,2023
Uruguay,6.562076629,2024
Uruguay,6.582412393,2025
Uruguay,6.602748158,2026
USA,6.863946915,2015
USA,6.803599834,2016
USA,6.9917593,2017
USA,6.882684708,2018
USA,6.943701267,2019
USA,6.939599991,2020
USA,6.951,2021
USA,6.692790031,2022
USA,6.894,2023
USA,6.865051862,2024
USA,6.861104855,2025
USA,6.857157849,2026
Uzbekistan,5.972364426,2015
Uzbekistan,5.892539024,2016
Uzbekistan,6.421447754,2017
Uzbekistan,6.205460072,2018
Uzbekistan,6.154049397,2019
Uzbekistan,6.257599831,2020
Uzbekistan,6.179,2021
Uzbekistan,6.016238689,2022
Uzbekistan,6.014,2023
Uzbekistan,6.132373706,2024
Uzbekistan,6.134121798,2025
Uzbekistan,6.13586989,2026
Venezuela,5.568800449,2015
Venezuela,4.041114807,2016
Venezuela,5.070750713,2017
Venezuela,5.005663395,2018
Venezuela,5.080803394,2019
Venezuela,5.053199768,2020
Venezuela,4.892,2021
Venezuela,5.948992252,2022
Venezuela,5.211,2023
Venezuela,5.428797099,2024
Venezuela,5.495171524,2025
Venezuela,5.561545949,2026
Vietnam,5.076315403,2015
Vietnam,5.062267303,2016
Vietnam,5.175278664,2017
Vietnam,5.295547009,2018
Vietnam,5.467451096,2019
Vietnam,5.353499889,2020
Vietnam,5.411,2021
Vietnam,6.266508579,2022
Vietnam,5.763,2023
Vietnam,6.004167919,2024
Vietnam,6.118982215,2025
Vietnam,6.233796511,2026
Yemen,2.982673883,2015
Yemen,3.825630903,2016
Yemen,3.253560066,2017
Yemen,3.057513952,2018
Yemen,4.196912766,2019
Yemen,3.527400017,2020
Yemen,3.658,2021
Yemen,4.008713644,2024
Yemen,4.093458975,2025
Yemen,4.178204306,2026
Zambia,4.843164444,2015
Zambia,4.347543716,2016
Zambia,3.932777405,2017
Zambia,4.041488171,2018
Zambia,3.306796551,2019
Zambia,3.759399891,2020
Zambia,4.073,2021
Zambia,4.0275,2022
Zambia,3.982,2023
Zambia,3.667649574,2024
Zambia,3.594209041,2025
Zambia,3.520768507,2026
Zimbabwe,3.70319128,2015
Zimbabwe,3.7354002,2016
Zimbabwe,3.63830018,2017
Zimbabwe,3.616479874,2018
Zimbabwe,2.693523169,2019
Zimbabwe,3.299200058,2020
Zimbabwe,3.145,2021
Zimbabwe,3.296219587,2022
Zimbabwe,3.204,2023
Zimbabwe,2.985297111,2024
Zimbabwe,2.908327325,2025
Zimbabwe,2.83135754,2026
